subject_id,marker_type,marker_id,value
subject_001,SNP,rs00001,A
subject_001,SNP,rs00002,C
subject_001,SNP,rs00003,A
subject_001,SNP,rs00004,C
subject_001,SNP,rs00005,C
subject_001,SNP,rs00006,G
subject_001,SNP,rs00007,C
subject_001,SNP,rs00008,G
subject_001,SNP,rs00009,C
subject_001,SNP,rs00010,A
subject_001,SNP,rs00011,A
subject_001,SNP,rs00012,T
subject_001,SNP,rs00013,T
subject_001,SNP,rs00014,A
subject_001,SNP,rs00015,G
subject_001,SNP,rs00016,C
subject_001,SNP,rs00017,C
subject_001,SNP,rs00018,G
subject_001,SNP,rs00019,C
subject_001,SNP,rs00020,T
subject_001,SNP,rs00021,A
subject_001,SNP,rs00022,T
subject_001,SNP,rs00023,T
subject_001,SNP,rs00024,C
subject_001,SNP,rs00025,C
subject_001,SNP,rs00026,G
subject_001,SNP,rs00027,A
subject_001,SNP,rs00028,T
subject_001,SNP,rs00029,A
subject_001,SNP,rs00030,A
subject_001,SNP,rs00031,T
subject_001,SNP,rs00032,G
subject_001,SNP,rs00033,G
subject_001,SNP,rs00034,C
subject_001,SNP,rs00035,T
subject_001,SNP,rs00036,C
subject_001,SNP,rs00037,A
subject_001,SNP,rs00038,A
subject_001,SNP,rs00039,G
subject_001,SNP,rs00040,T
subject_001,SNP,rs00041,G
subject_001,SNP,rs00042,T
subject_001,SNP,rs00043,C
subject_001,SNP,rs00044,C
subject_001,SNP,rs00045,T
subject_001,SNP,rs00046,C
subject_001,SNP,rs00047,G
subject_001,SNP,rs00048,G
subject_001,SNP,rs00049,C
subject_001,SNP,rs00050,C
subject_001,SNP,rs00051,G
subject_001,SNP,rs00052,G
subject_001,SNP,rs00053,A
subject_001,SNP,rs00054,T
subject_001,SNP,rs00055,C
subject_001,SNP,rs00056,A
subject_001,SNP,rs00057,A
subject_001,SNP,rs00058,A
subject_001,SNP,rs00059,T
subject_001,SNP,rs00060,T
subject_001,SNP,rs00061,A
subject_001,SNP,rs00062,G
subject_001,SNP,rs00063,C
subject_001,SNP,rs00064,C
subject_001,SNP,rs00065,A
subject_001,SNP,rs00066,G
subject_001,SNP,rs00067,C
subject_001,SNP,rs00068,A
subject_001,SNP,rs00069,T
subject_001,SNP,rs00070,A
subject_001,SNP,rs00071,A
subject_001,SNP,rs00072,G
subject_001,SNP,rs00073,G
subject_001,SNP,rs00074,A
subject_001,SNP,rs00075,G
subject_001,SNP,rs00076,G
subject_001,SNP,rs00077,C
subject_001,SNP,rs00078,C
subject_001,SNP,rs00079,C
subject_001,SNP,rs00080,T
subject_001,SNP,rs00081,C
subject_001,SNP,rs00082,C
subject_001,SNP,rs00083,C
subject_001,SNP,rs00084,T
subject_001,SNP,rs00085,G
subject_001,SNP,rs00086,C
subject_001,SNP,rs00087,G
subject_001,SNP,rs00088,A
subject_001,SNP,rs00089,G
subject_001,SNP,rs00090,C
subject_001,SNP,rs00091,C
subject_001,SNP,rs00092,A
subject_001,SNP,rs00093,C
subject_001,SNP,rs00094,G
subject_001,SNP,rs00095,T
subject_001,SNP,rs00096,T
subject_001,SNP,rs00097,C
subject_001,SNP,rs00098,G
subject_001,SNP,rs00099,T
subject_001,SNP,rs00100,A
subject_001,SNP,rs00101,A
subject_001,SNP,rs00102,A
subject_001,SNP,rs00103,C
subject_001,SNP,rs00104,G
subject_001,SNP,rs00105,C
subject_001,SNP,rs00106,C
subject_001,SNP,rs00107,C
subject_001,SNP,rs00108,T
subject_001,SNP,rs00109,G
subject_001,SNP,rs00110,A
subject_001,SNP,rs00111,A
subject_001,SNP,rs00112,C
subject_001,SNP,rs00113,C
subject_001,SNP,rs00114,G
subject_001,SNP,rs00115,A
subject_001,SNP,rs00116,A
subject_001,SNP,rs00117,G
subject_001,SNP,rs00118,G
subject_001,SNP,rs00119,G
subject_001,SNP,rs00120,A
subject_001,SNP,rs00121,T
subject_001,SNP,rs00122,C
subject_001,SNP,rs00123,G
subject_001,SNP,rs00124,C
subject_001,SNP,rs00125,A
subject_001,SNP,rs00126,C
subject_001,SNP,rs00127,C
subject_001,SNP,rs00128,T
subject_001,SNP,rs00129,C
subject_001,SNP,rs00130,A
subject_001,SNP,rs00131,G
subject_001,SNP,rs00132,C
subject_001,SNP,rs00133,G
subject_001,SNP,rs00134,G
subject_001,SNP,rs00135,G
subject_001,SNP,rs00136,G
subject_001,SNP,rs00137,T
subject_001,SNP,rs00138,A
subject_001,SNP,rs00139,A
subject_001,SNP,rs00140,C
subject_001,SNP,rs00141,T
subject_001,SNP,rs00142,T
subject_001,SNP,rs00143,C
subject_001,SNP,rs00144,C
subject_001,SNP,rs00145,A
subject_001,SNP,rs00146,A
subject_001,SNP,rs00147,G
subject_001,SNP,rs00148,C
subject_001,SNP,rs00149,G
subject_001,SNP,rs00150,T
subject_001,SNP,rs00151,G
subject_001,SNP,rs00152,C
subject_001,SNP,rs00153,G
subject_001,SNP,rs00154,G
subject_001,SNP,rs00155,T
subject_001,SNP,rs00156,A
subject_001,SNP,rs00157,G
subject_001,SNP,rs00158,G
subject_001,SNP,rs00159,C
subject_001,SNP,rs00160,G
subject_001,SNP,rs00161,T
subject_001,SNP,rs00162,A
subject_001,SNP,rs00163,C
subject_001,SNP,rs00164,G
subject_001,SNP,rs00165,G
subject_001,SNP,rs00166,T
subject_001,SNP,rs00167,T
subject_001,SNP,rs00168,C
subject_001,SNP,rs00169,T
subject_001,SNP,rs00170,A
subject_001,SNP,rs00171,A
subject_001,SNP,rs00172,G
subject_001,SNP,rs00173,G
subject_001,SNP,rs00174,T
subject_001,SNP,rs00175,C
subject_001,SNP,rs00176,A
subject_001,SNP,rs00177,C
subject_001,SNP,rs00178,C
subject_001,SNP,rs00179,T
subject_001,SNP,rs00180,C
subject_001,SNP,rs00181,C
subject_001,SNP,rs00182,A
subject_001,SNP,rs00183,A
subject_001,SNP,rs00184,T
subject_001,SNP,rs00185,G
subject_001,SNP,rs00186,A
subject_001,SNP,rs00187,G
subject_001,SNP,rs00188,T
subject_001,SNP,rs00189,A
subject_001,SNP,rs00190,C
subject_001,SNP,rs00191,A
subject_001,SNP,rs00192,C
subject_001,SNP,rs00193,G
subject_001,SNP,rs00194,G
subject_001,SNP,rs00195,C
subject_001,SNP,rs00196,A
subject_001,SNP,rs00197,G
subject_001,SNP,rs00198,T
subject_001,SNP,rs00199,A
subject_001,SNP,rs00200,T
subject_001,SNP,rs00201,G
subject_001,SNP,rs00202,A
subject_001,SNP,rs00203,A
subject_001,SNP,rs00204,A
subject_001,SNP,rs00205,G
subject_001,SNP,rs00206,T
subject_001,SNP,rs00207,T
subject_001,SNP,rs00208,C
subject_001,SNP,rs00209,C
subject_001,SNP,rs00210,C
subject_001,SNP,rs00211,G
subject_001,SNP,rs00212,G
subject_001,SNP,rs00213,C
subject_001,SNP,rs00214,C
subject_001,SNP,rs00215,G
subject_001,SNP,rs00216,A
subject_001,SNP,rs00217,G
subject_001,SNP,rs00218,T
subject_001,SNP,rs00219,G
subject_001,SNP,rs00220,C
subject_001,SNP,rs00221,A
subject_001,SNP,rs00222,C
subject_001,SNP,rs00223,C
subject_001,SNP,rs00224,A
subject_001,SNP,rs00225,T
subject_001,SNP,rs00226,G
subject_001,SNP,rs00227,A
subject_001,SNP,rs00228,A
subject_001,SNP,rs00229,A
subject_001,SNP,rs00230,G
subject_001,SNP,rs00231,A
subject_001,SNP,rs00232,A
subject_001,SNP,rs00233,T
subject_001,SNP,rs00234,A
subject_001,SNP,rs00235,T
subject_001,SNP,rs00236,C
subject_001,SNP,rs00237,C
subject_001,SNP,rs00238,C
subject_001,SNP,rs00239,G
subject_001,SNP,rs00240,C
subject_001,SNP,rs00241,T
subject_001,SNP,rs00242,A
subject_001,SNP,rs00243,G
subject_001,SNP,rs00244,G
subject_001,SNP,rs00245,C
subject_001,SNP,rs00246,T
subject_001,SNP,rs00247,C
subject_001,SNP,rs00248,T
subject_001,SNP,rs00249,C
subject_001,SNP,rs00250,G
subject_001,SNP,rs00251,C
subject_001,SNP,rs00252,G
subject_001,SNP,rs00253,G
subject_001,SNP,rs00254,C
subject_001,SNP,rs00255,T
subject_001,SNP,rs00256,A
subject_001,STR,D3S1358,13
subject_001,STR,vWA,47
subject_001,STR,FGA,50
subject_001,STR,D8S1179,20
subject_001,STR,D21S11,23
subject_001,STR,D18S51,41
subject_001,STR,D5S818,49
subject_001,STR,D13S317,7
subject_001,STR,D7S820,7
subject_001,STR,TH01,18
subject_001,STR,TPOX,27
subject_001,STR,CSF1PO,8
subject_001,STR,D16S539,22
subject_001,STR,D2S1338,11
subject_001,STR,D19S433,27
subject_001,STR,D1S1656,24
subject_001,STR,D10S1248,21
subject_001,STR,D22S1045,16
subject_001,STR,D2S441,45
subject_001,STR,D12S391,11
subject_001,STR,D6S1043,19
subject_001,STR,SE33,20
subject_001,STR,Penta_D,37
subject_001,STR,Penta_E,16
subject_001,STR,D18S853,23
subject_001,STR,D20S482,27
subject_001,STR,D14S1434,28
subject_001,STR,D9S1122,20
subject_001,STR,D13S325,40
subject_001,STR,D4S2366,5
subject_001,STR,D17S1301,25
subject_001,STR,D6S474,22
